candidate_pair_id,record_id_a,record_id_b,match_basis,similarity_score,auto_proposal,human_decision,representative_record_id,reviewer_id,timestamp
DUP-00001,pubmed:10084294:K5,pubmed:10084294:K3,pmid,1.0,duplicate,not_evaluated_scope_reduction,pubmed:10084294:K5,codex_deterministic_dedup_v1,2026-07-10T00:00:00Z
DUP-00002,pubmed:10493280:K5,pubmed:10493280:K3,pmid,1.0,duplicate,not_evaluated_scope_reduction,pubmed:10493280:K5,codex_deterministic_dedup_v1,2026-07-10T00:00:00Z
DUP-00003,pubmed:10691860:K5,pubmed:10691860:K3,pmid,1.0,duplicate,not_evaluated_scope_reduction,pubmed:10691860:K5,codex_deterministic_dedup_v1,2026-07-10T00:00:00Z
DUP-00004,pubmed:10696118:K5,pubmed:10696118:K4,pmid,1.0,duplicate,not_evaluated_scope_reduction,pubmed:10696118:K5,codex_deterministic_dedup_v1,2026-07-10T00:00:00Z
DUP-00005,pubmed:10720178:K5,pubmed:10720178:K4,pmid,1.0,duplicate,not_evaluated_scope_reduction,pubmed:10720178:K5,codex_deterministic_dedup_v1,2026-07-10T00:00:00Z
DUP-00006,pubmed:10828183:K5,pubmed:10828183:K3,pmid,1.0,duplicate,not_evaluated_scope_reduction,pubmed:10828183:K5,codex_deterministic_dedup_v1,2026-07-10T00:00:00Z
DUP-00007,pubmed:10904660:K5,pubmed:10904660:K3,pmid,1.0,duplicate,not_evaluated_scope_reduction,pubmed:10904660:K5,codex_deterministic_dedup_v1,2026-07-10T00:00:00Z
DUP-00008,pubmed:10909490:K5,pubmed:10909490:K4,pmid,1.0,duplicate,not_evaluated_scope_reduction,pubmed:10909490:K5,codex_deterministic_dedup_v1,2026-07-10T00:00:00Z
DUP-00009,pubmed:11087544:K4,pubmed:11087544:K3,pmid,1.0,duplicate,not_evaluated_scope_reduction,pubmed:11087544:K4,codex_deterministic_dedup_v1,2026-07-10T00:00:00Z
DUP-00010,pubmed:11097107:K4,pubmed:11097107:K1,pmid,1.0,duplicate,not_evaluated_scope_reduction,pubmed:11097107:K4,codex_deterministic_dedup_v1,2026-07-10T00:00:00Z
DUP-00011,pubmed:11099897:K5,pubmed:11099897:K3,pmid,1.0,duplicate,not_evaluated_scope_reduction,pubmed:11099897:K5,codex_deterministic_dedup_v1,2026-07-10T00:00:00Z
DUP-00012,pubmed:11522093:K4,pubmed:11522093:K1,pmid,1.0,duplicate,not_evaluated_scope_reduction,pubmed:11522093:K4,codex_deterministic_dedup_v1,2026-07-10T00:00:00Z
DUP-00013,pubmed:11545451:K5,pubmed:11545451:K4,pmid,1.0,duplicate,not_evaluated_scope_reduction,pubmed:11545451:K5,codex_deterministic_dedup_v1,2026-07-10T00:00:00Z
DUP-00014,pubmed:11553264:K5,pubmed:11553264:K3,pmid,1.0,duplicate,not_evaluated_scope_reduction,pubmed:11553264:K5,codex_deterministic_dedup_v1,2026-07-10T00:00:00Z
DUP-00015,pubmed:11838884:K5,pubmed:11838884:K4,pmid,1.0,duplicate,not_evaluated_scope_reduction,pubmed:11838884:K5,codex_deterministic_dedup_v1,2026-07-10T00:00:00Z
DUP-00016,pubmed:11873098:K5,pubmed:11873098:K4,pmid,1.0,duplicate,not_evaluated_scope_reduction,pubmed:11873098:K5,codex_deterministic_dedup_v1,2026-07-10T00:00:00Z
DUP-00017,pubmed:12071112:K4,pubmed:12071112:K1,pmid,1.0,duplicate,not_evaluated_scope_reduction,pubmed:12071112:K4,codex_deterministic_dedup_v1,2026-07-10T00:00:00Z
DUP-00018,pubmed:12187291:K5,pubmed:12187291:K3,pmid,1.0,duplicate,not_evaluated_scope_reduction,pubmed:12187291:K5,codex_deterministic_dedup_v1,2026-07-10T00:00:00Z
DUP-00019,pubmed:12321237:K5,pubmed:12321237:K4,pmid,1.0,duplicate,not_evaluated_scope_reduction,pubmed:12321237:K5,codex_deterministic_dedup_v1,2026-07-10T00:00:00Z
DUP-00020,pubmed:12346313:K5,pubmed:12346313:K4,pmid,1.0,duplicate,not_evaluated_scope_reduction,pubmed:12346313:K5,codex_deterministic_dedup_v1,2026-07-10T00:00:00Z
DUP-00021,pubmed:12424740:K5,pubmed:12424740:K3,pmid,1.0,duplicate,not_evaluated_scope_reduction,pubmed:12424740:K5,codex_deterministic_dedup_v1,2026-07-10T00:00:00Z
DUP-00022,pubmed:12424740:K5,pubmed:12424740:K4,pmid,1.0,duplicate,not_evaluated_scope_reduction,pubmed:12424740:K5,codex_deterministic_dedup_v1,2026-07-10T00:00:00Z
DUP-00023,pubmed:12518263:K5,pubmed:12518263:K3,pmid,1.0,duplicate,not_evaluated_scope_reduction,pubmed:12518263:K5,codex_deterministic_dedup_v1,2026-07-10T00:00:00Z
DUP-00024,pubmed:12679171:K5,pubmed:12679171:K4,pmid,1.0,duplicate,not_evaluated_scope_reduction,pubmed:12679171:K5,codex_deterministic_dedup_v1,2026-07-10T00:00:00Z
DUP-00025,pubmed:12816784:K5,pubmed:12816784:K3,pmid,1.0,duplicate,not_evaluated_scope_reduction,pubmed:12816784:K5,codex_deterministic_dedup_v1,2026-07-10T00:00:00Z
DUP-00026,pubmed:12825969:K5,pubmed:12825969:K3,pmid,1.0,duplicate,not_evaluated_scope_reduction,pubmed:12825969:K5,codex_deterministic_dedup_v1,2026-07-10T00:00:00Z
DUP-00027,pubmed:1463588:K2,pubmed:1463588:K1,pmid,1.0,duplicate,not_evaluated_scope_reduction,pubmed:1463588:K2,codex_deterministic_dedup_v1,2026-07-10T00:00:00Z
DUP-00028,pubmed:14652364:K5,pubmed:14652364:K3,pmid,1.0,duplicate,not_evaluated_scope_reduction,pubmed:14652364:K5,codex_deterministic_dedup_v1,2026-07-10T00:00:00Z
DUP-00029,pubmed:14982765:K5,pubmed:14982765:K4,pmid,1.0,duplicate,not_evaluated_scope_reduction,pubmed:14982765:K5,codex_deterministic_dedup_v1,2026-07-10T00:00:00Z
DUP-00030,pubmed:15056891:K5,pubmed:15056891:K3,pmid,1.0,duplicate,not_evaluated_scope_reduction,pubmed:15056891:K5,codex_deterministic_dedup_v1,2026-07-10T00:00:00Z
DUP-00031,pubmed:15212745:K5,pubmed:15212745:K3,pmid,1.0,duplicate,not_evaluated_scope_reduction,pubmed:15212745:K5,codex_deterministic_dedup_v1,2026-07-10T00:00:00Z
DUP-00032,pubmed:15212745:K5,pubmed:15212745:K4,pmid,1.0,duplicate,not_evaluated_scope_reduction,pubmed:15212745:K5,codex_deterministic_dedup_v1,2026-07-10T00:00:00Z
DUP-00033,pubmed:15285149:K5,pubmed:15285149:K3,pmid,1.0,duplicate,not_evaluated_scope_reduction,pubmed:15285149:K5,codex_deterministic_dedup_v1,2026-07-10T00:00:00Z
DUP-00034,pubmed:1552999:K4,pubmed:1552999:K1,pmid,1.0,duplicate,not_evaluated_scope_reduction,pubmed:1552999:K4,codex_deterministic_dedup_v1,2026-07-10T00:00:00Z
DUP-00035,pubmed:15552844:K5,pubmed:15552844:K4,pmid,1.0,duplicate,not_evaluated_scope_reduction,pubmed:15552844:K5,codex_deterministic_dedup_v1,2026-07-10T00:00:00Z
DUP-00036,pubmed:15635879:K5,pubmed:15635879:K3,pmid,1.0,duplicate,not_evaluated_scope_reduction,pubmed:15635879:K5,codex_deterministic_dedup_v1,2026-07-10T00:00:00Z
DUP-00037,pubmed:15724866:K5,pubmed:15724866:K4,pmid,1.0,duplicate,not_evaluated_scope_reduction,pubmed:15724866:K5,codex_deterministic_dedup_v1,2026-07-10T00:00:00Z
DUP-00038,pubmed:1574483:K5,pubmed:1574483:K3,pmid,1.0,duplicate,not_evaluated_scope_reduction,pubmed:1574483:K5,codex_deterministic_dedup_v1,2026-07-10T00:00:00Z
DUP-00039,pubmed:1574483:K5,pubmed:1574483:K4,pmid,1.0,duplicate,not_evaluated_scope_reduction,pubmed:1574483:K5,codex_deterministic_dedup_v1,2026-07-10T00:00:00Z
DUP-00040,pubmed:15823699:K5,pubmed:15823699:K4,pmid,1.0,duplicate,not_evaluated_scope_reduction,pubmed:15823699:K5,codex_deterministic_dedup_v1,2026-07-10T00:00:00Z
DUP-00041,pubmed:16098731:K5,pubmed:16098731:K3,pmid,1.0,duplicate,not_evaluated_scope_reduction,pubmed:16098731:K5,codex_deterministic_dedup_v1,2026-07-10T00:00:00Z
DUP-00042,pubmed:16294921:K4,pubmed:16294921:K1,pmid,1.0,duplicate,not_evaluated_scope_reduction,pubmed:16294921:K4,codex_deterministic_dedup_v1,2026-07-10T00:00:00Z
DUP-00043,pubmed:16298750:K5,pubmed:16298750:K4,pmid,1.0,duplicate,not_evaluated_scope_reduction,pubmed:16298750:K5,codex_deterministic_dedup_v1,2026-07-10T00:00:00Z
DUP-00044,pubmed:16360494:K5,pubmed:16360494:K4,pmid,1.0,duplicate,not_evaluated_scope_reduction,pubmed:16360494:K5,codex_deterministic_dedup_v1,2026-07-10T00:00:00Z
DUP-00045,pubmed:1638018:K5,pubmed:1638018:K3,pmid,1.0,duplicate,not_evaluated_scope_reduction,pubmed:1638018:K5,codex_deterministic_dedup_v1,2026-07-10T00:00:00Z
DUP-00046,pubmed:16413877:K5,pubmed:16413877:K3,pmid,1.0,duplicate,not_evaluated_scope_reduction,pubmed:16413877:K5,codex_deterministic_dedup_v1,2026-07-10T00:00:00Z
DUP-00047,pubmed:16413878:K5,pubmed:16413878:K3,pmid,1.0,duplicate,not_evaluated_scope_reduction,pubmed:16413878:K5,codex_deterministic_dedup_v1,2026-07-10T00:00:00Z
DUP-00048,pubmed:16556612:K5,pubmed:16556612:K3,pmid,1.0,duplicate,not_evaluated_scope_reduction,pubmed:16556612:K5,codex_deterministic_dedup_v1,2026-07-10T00:00:00Z
DUP-00049,pubmed:16635664:K5,pubmed:16635664:K3,pmid,1.0,duplicate,not_evaluated_scope_reduction,pubmed:16635664:K5,codex_deterministic_dedup_v1,2026-07-10T00:00:00Z
DUP-00050,pubmed:16731580:K5,pubmed:16731580:K4,pmid,1.0,duplicate,not_evaluated_scope_reduction,pubmed:16731580:K5,codex_deterministic_dedup_v1,2026-07-10T00:00:00Z
DUP-00051,pubmed:16837718:K5,pubmed:16837718:K3,pmid,1.0,duplicate,not_evaluated_scope_reduction,pubmed:16837718:K5,codex_deterministic_dedup_v1,2026-07-10T00:00:00Z
DUP-00052,pubmed:16862939:K5,pubmed:16862939:K3,pmid,1.0,duplicate,not_evaluated_scope_reduction,pubmed:16862939:K5,codex_deterministic_dedup_v1,2026-07-10T00:00:00Z
DUP-00053,pubmed:17039855:K5,pubmed:17039855:K3,pmid,1.0,duplicate,not_evaluated_scope_reduction,pubmed:17039855:K5,codex_deterministic_dedup_v1,2026-07-10T00:00:00Z
DUP-00054,pubmed:17066209:K5,pubmed:17066209:K1,pmid,1.0,duplicate,not_evaluated_scope_reduction,pubmed:17066209:K5,codex_deterministic_dedup_v1,2026-07-10T00:00:00Z
DUP-00055,pubmed:17066209:K5,pubmed:17066209:K4,pmid,1.0,duplicate,not_evaluated_scope_reduction,pubmed:17066209:K5,codex_deterministic_dedup_v1,2026-07-10T00:00:00Z
DUP-00056,pubmed:17182810:K5,pubmed:17182810:K3,pmid,1.0,duplicate,not_evaluated_scope_reduction,pubmed:17182810:K5,codex_deterministic_dedup_v1,2026-07-10T00:00:00Z
DUP-00057,pubmed:17206009:K5,pubmed:17206009:K4,pmid,1.0,duplicate,not_evaluated_scope_reduction,pubmed:17206009:K5,codex_deterministic_dedup_v1,2026-07-10T00:00:00Z
DUP-00058,pubmed:1726407:K5,pubmed:1726407:K3,pmid,1.0,duplicate,not_evaluated_scope_reduction,pubmed:1726407:K5,codex_deterministic_dedup_v1,2026-07-10T00:00:00Z
DUP-00059,pubmed:17305361:K5,pubmed:17305361:K4,pmid,1.0,duplicate,not_evaluated_scope_reduction,pubmed:17305361:K5,codex_deterministic_dedup_v1,2026-07-10T00:00:00Z
DUP-00060,pubmed:17456929:K5,pubmed:17456929:K4,pmid,1.0,duplicate,not_evaluated_scope_reduction,pubmed:17456929:K5,codex_deterministic_dedup_v1,2026-07-10T00:00:00Z
DUP-00061,pubmed:1749294:K5,pubmed:1749294:K4,pmid,1.0,duplicate,not_evaluated_scope_reduction,pubmed:1749294:K5,codex_deterministic_dedup_v1,2026-07-10T00:00:00Z
DUP-00062,pubmed:17539885:K5,pubmed:17539885:K4,pmid,1.0,duplicate,not_evaluated_scope_reduction,pubmed:17539885:K5,codex_deterministic_dedup_v1,2026-07-10T00:00:00Z
DUP-00063,pubmed:17566548:K5,pubmed:17566548:K3,pmid,1.0,duplicate,not_evaluated_scope_reduction,pubmed:17566548:K5,codex_deterministic_dedup_v1,2026-07-10T00:00:00Z
DUP-00064,pubmed:17647097:K5,pubmed:17647097:K1,pmid,1.0,duplicate,not_evaluated_scope_reduction,pubmed:17647097:K5,codex_deterministic_dedup_v1,2026-07-10T00:00:00Z
DUP-00065,pubmed:18085124:K5,pubmed:18085124:K4,pmid,1.0,duplicate,not_evaluated_scope_reduction,pubmed:18085124:K5,codex_deterministic_dedup_v1,2026-07-10T00:00:00Z
DUP-00066,pubmed:18289157:K5,pubmed:18289157:K3,pmid,1.0,duplicate,not_evaluated_scope_reduction,pubmed:18289157:K5,codex_deterministic_dedup_v1,2026-07-10T00:00:00Z
DUP-00067,pubmed:18297887:K5,pubmed:18297887:K3,pmid,1.0,duplicate,not_evaluated_scope_reduction,pubmed:18297887:K5,codex_deterministic_dedup_v1,2026-07-10T00:00:00Z
DUP-00068,pubmed:18326612:K5,pubmed:18326612:K3,pmid,1.0,duplicate,not_evaluated_scope_reduction,pubmed:18326612:K5,codex_deterministic_dedup_v1,2026-07-10T00:00:00Z
DUP-00069,pubmed:18486714:K4,pubmed:18486714:K1,pmid,1.0,duplicate,not_evaluated_scope_reduction,pubmed:18486714:K4,codex_deterministic_dedup_v1,2026-07-10T00:00:00Z
DUP-00070,pubmed:18601798:K5,pubmed:18601798:K3,pmid,1.0,duplicate,not_evaluated_scope_reduction,pubmed:18601798:K5,codex_deterministic_dedup_v1,2026-07-10T00:00:00Z
DUP-00071,pubmed:18690093:K5,pubmed:18690093:K4,pmid,1.0,duplicate,not_evaluated_scope_reduction,pubmed:18690093:K5,codex_deterministic_dedup_v1,2026-07-10T00:00:00Z
DUP-00072,pubmed:18925578:K4,pubmed:18925578:K3,pmid,1.0,duplicate,not_evaluated_scope_reduction,pubmed:18925578:K4,codex_deterministic_dedup_v1,2026-07-10T00:00:00Z
DUP-00073,pubmed:19167163:K5,pubmed:19167163:K4,pmid,1.0,duplicate,not_evaluated_scope_reduction,pubmed:19167163:K5,codex_deterministic_dedup_v1,2026-07-10T00:00:00Z
DUP-00074,pubmed:19174830:K5,pubmed:19174830:K3,pmid,1.0,duplicate,not_evaluated_scope_reduction,pubmed:19174830:K5,codex_deterministic_dedup_v1,2026-07-10T00:00:00Z
DUP-00075,pubmed:19789845:K5,pubmed:19789845:K4,pmid,1.0,duplicate,not_evaluated_scope_reduction,pubmed:19789845:K5,codex_deterministic_dedup_v1,2026-07-10T00:00:00Z
DUP-00076,pubmed:19904293:K5,pubmed:19904293:K3,pmid,1.0,duplicate,not_evaluated_scope_reduction,pubmed:19904293:K5,codex_deterministic_dedup_v1,2026-07-10T00:00:00Z
DUP-00077,pubmed:20019924:K5,pubmed:20019924:K3,pmid,1.0,duplicate,not_evaluated_scope_reduction,pubmed:20019924:K5,codex_deterministic_dedup_v1,2026-07-10T00:00:00Z
DUP-00078,pubmed:20020882:K5,pubmed:20020882:K4,pmid,1.0,duplicate,not_evaluated_scope_reduction,pubmed:20020882:K5,codex_deterministic_dedup_v1,2026-07-10T00:00:00Z
DUP-00079,pubmed:20035439:K5,pubmed:20035439:K1,pmid,1.0,duplicate,not_evaluated_scope_reduction,pubmed:20035439:K5,codex_deterministic_dedup_v1,2026-07-10T00:00:00Z
DUP-00080,pubmed:20120791:K5,pubmed:20120791:K3,pmid,1.0,duplicate,not_evaluated_scope_reduction,pubmed:20120791:K5,codex_deterministic_dedup_v1,2026-07-10T00:00:00Z
DUP-00081,pubmed:20301481:K5,pubmed:20301481:K3,pmid,1.0,duplicate,not_evaluated_scope_reduction,pubmed:20301481:K5,codex_deterministic_dedup_v1,2026-07-10T00:00:00Z
DUP-00082,pubmed:2030593:K5,pubmed:2030593:K4,pmid,1.0,duplicate,not_evaluated_scope_reduction,pubmed:2030593:K5,codex_deterministic_dedup_v1,2026-07-10T00:00:00Z
DUP-00083,pubmed:20548321:K5,pubmed:20548321:K4,pmid,1.0,duplicate,not_evaluated_scope_reduction,pubmed:20548321:K5,codex_deterministic_dedup_v1,2026-07-10T00:00:00Z
DUP-00084,pubmed:20863398:K5,pubmed:20863398:K3,pmid,1.0,duplicate,not_evaluated_scope_reduction,pubmed:20863398:K5,codex_deterministic_dedup_v1,2026-07-10T00:00:00Z
DUP-00085,pubmed:2127745:K4,pubmed:2127745:K1,pmid,1.0,duplicate,not_evaluated_scope_reduction,pubmed:2127745:K4,codex_deterministic_dedup_v1,2026-07-10T00:00:00Z
DUP-00086,pubmed:2133626:K4,pubmed:2133626:K1,pmid,1.0,duplicate,not_evaluated_scope_reduction,pubmed:2133626:K4,codex_deterministic_dedup_v1,2026-07-10T00:00:00Z
DUP-00087,pubmed:21421535:K5,pubmed:21421535:K4,pmid,1.0,duplicate,not_evaluated_scope_reduction,pubmed:21421535:K5,codex_deterministic_dedup_v1,2026-07-10T00:00:00Z
DUP-00088,pubmed:21888180:K5,pubmed:21888180:K3,pmid,1.0,duplicate,not_evaluated_scope_reduction,pubmed:21888180:K5,codex_deterministic_dedup_v1,2026-07-10T00:00:00Z
DUP-00089,pubmed:21901727:K5,pubmed:21901727:K3,pmid,1.0,duplicate,not_evaluated_scope_reduction,pubmed:21901727:K5,codex_deterministic_dedup_v1,2026-07-10T00:00:00Z
DUP-00090,pubmed:22443491:K5,pubmed:22443491:K4,pmid,1.0,duplicate,not_evaluated_scope_reduction,pubmed:22443491:K5,codex_deterministic_dedup_v1,2026-07-10T00:00:00Z
DUP-00091,pubmed:22473261:K5,pubmed:22473261:K4,pmid,1.0,duplicate,not_evaluated_scope_reduction,pubmed:22473261:K5,codex_deterministic_dedup_v1,2026-07-10T00:00:00Z
DUP-00092,pubmed:22493160:K5,pubmed:22493160:K3,pmid,1.0,duplicate,not_evaluated_scope_reduction,pubmed:22493160:K5,codex_deterministic_dedup_v1,2026-07-10T00:00:00Z
DUP-00093,pubmed:22512666:K5,pubmed:22512666:K1,pmid,1.0,duplicate,not_evaluated_scope_reduction,pubmed:22512666:K5,codex_deterministic_dedup_v1,2026-07-10T00:00:00Z
DUP-00094,pubmed:22512666:K5,pubmed:22512666:K4,pmid,1.0,duplicate,not_evaluated_scope_reduction,pubmed:22512666:K5,codex_deterministic_dedup_v1,2026-07-10T00:00:00Z
DUP-00095,pubmed:22674589:K4,pubmed:22674589:K1,pmid,1.0,duplicate,not_evaluated_scope_reduction,pubmed:22674589:K4,codex_deterministic_dedup_v1,2026-07-10T00:00:00Z
DUP-00096,pubmed:22675435:K5,pubmed:22675435:K4,pmid,1.0,duplicate,not_evaluated_scope_reduction,pubmed:22675435:K5,codex_deterministic_dedup_v1,2026-07-10T00:00:00Z
DUP-00097,pubmed:22773121:K5,pubmed:22773121:K4,pmid,1.0,duplicate,not_evaluated_scope_reduction,pubmed:22773121:K5,codex_deterministic_dedup_v1,2026-07-10T00:00:00Z
DUP-00098,pubmed:22959313:K5,pubmed:22959313:K4,pmid,1.0,duplicate,not_evaluated_scope_reduction,pubmed:22959313:K5,codex_deterministic_dedup_v1,2026-07-10T00:00:00Z
DUP-00099,pubmed:23202962:K4,pubmed:23202962:K1,pmid,1.0,duplicate,not_evaluated_scope_reduction,pubmed:23202962:K4,codex_deterministic_dedup_v1,2026-07-10T00:00:00Z
DUP-00100,pubmed:23365345:K5,pubmed:23365345:K3,pmid,1.0,duplicate,not_evaluated_scope_reduction,pubmed:23365345:K5,codex_deterministic_dedup_v1,2026-07-10T00:00:00Z
DUP-00101,pubmed:23378389:K5,pubmed:23378389:K3,pmid,1.0,duplicate,not_evaluated_scope_reduction,pubmed:23378389:K5,codex_deterministic_dedup_v1,2026-07-10T00:00:00Z
DUP-00102,pubmed:23485663:K5,pubmed:23485663:K4,pmid,1.0,duplicate,not_evaluated_scope_reduction,pubmed:23485663:K5,codex_deterministic_dedup_v1,2026-07-10T00:00:00Z
DUP-00103,pubmed:23510284:K5,pubmed:23510284:K4,pmid,1.0,duplicate,not_evaluated_scope_reduction,pubmed:23510284:K5,codex_deterministic_dedup_v1,2026-07-10T00:00:00Z
DUP-00104,pubmed:23552267:K5,pubmed:23552267:K4,pmid,1.0,duplicate,not_evaluated_scope_reduction,pubmed:23552267:K5,codex_deterministic_dedup_v1,2026-07-10T00:00:00Z
DUP-00105,pubmed:23602230:K5,pubmed:23602230:K3,pmid,1.0,duplicate,not_evaluated_scope_reduction,pubmed:23602230:K5,codex_deterministic_dedup_v1,2026-07-10T00:00:00Z
DUP-00106,pubmed:23647723:K4,pubmed:23647723:K2,pmid,1.0,duplicate,not_evaluated_scope_reduction,pubmed:23647723:K4,codex_deterministic_dedup_v1,2026-07-10T00:00:00Z
DUP-00107,pubmed:23750103:K4,pubmed:23750103:K1,pmid,1.0,duplicate,not_evaluated_scope_reduction,pubmed:23750103:K4,codex_deterministic_dedup_v1,2026-07-10T00:00:00Z
DUP-00108,pubmed:23878126:K5,pubmed:23878126:K3,pmid,1.0,duplicate,not_evaluated_scope_reduction,pubmed:23878126:K5,codex_deterministic_dedup_v1,2026-07-10T00:00:00Z
DUP-00109,pubmed:2400470:K5,pubmed:2400470:K3,pmid,1.0,duplicate,not_evaluated_scope_reduction,pubmed:2400470:K5,codex_deterministic_dedup_v1,2026-07-10T00:00:00Z
DUP-00110,pubmed:24009938:K5,pubmed:24009938:K3,pmid,1.0,duplicate,not_evaluated_scope_reduction,pubmed:24009938:K5,codex_deterministic_dedup_v1,2026-07-10T00:00:00Z
DUP-00111,pubmed:24038242:K5,pubmed:24038242:K3,pmid,1.0,duplicate,not_evaluated_scope_reduction,pubmed:24038242:K5,codex_deterministic_dedup_v1,2026-07-10T00:00:00Z
DUP-00112,pubmed:24074841:K5,pubmed:24074841:K3,pmid,1.0,duplicate,not_evaluated_scope_reduction,pubmed:24074841:K5,codex_deterministic_dedup_v1,2026-07-10T00:00:00Z
DUP-00113,pubmed:24308244:K4,pubmed:24308244:K3,pmid,1.0,duplicate,not_evaluated_scope_reduction,pubmed:24308244:K4,codex_deterministic_dedup_v1,2026-07-10T00:00:00Z
DUP-00114,pubmed:24336443:K5,pubmed:24336443:K3,pmid,1.0,duplicate,not_evaluated_scope_reduction,pubmed:24336443:K5,codex_deterministic_dedup_v1,2026-07-10T00:00:00Z
DUP-00115,pubmed:24487252:K4,pubmed:24487252:K1,pmid,1.0,duplicate,not_evaluated_scope_reduction,pubmed:24487252:K4,codex_deterministic_dedup_v1,2026-07-10T00:00:00Z
DUP-00116,pubmed:24555649:K5,pubmed:24555649:K3,pmid,1.0,duplicate,not_evaluated_scope_reduction,pubmed:24555649:K5,codex_deterministic_dedup_v1,2026-07-10T00:00:00Z
DUP-00117,pubmed:24634837:K5,pubmed:24634837:K3,pmid,1.0,duplicate,not_evaluated_scope_reduction,pubmed:24634837:K5,codex_deterministic_dedup_v1,2026-07-10T00:00:00Z
DUP-00118,pubmed:24670951:K5,pubmed:24670951:K4,pmid,1.0,duplicate,not_evaluated_scope_reduction,pubmed:24670951:K5,codex_deterministic_dedup_v1,2026-07-10T00:00:00Z
DUP-00119,pubmed:24691577:K5,pubmed:24691577:K3,pmid,1.0,duplicate,not_evaluated_scope_reduction,pubmed:24691577:K5,codex_deterministic_dedup_v1,2026-07-10T00:00:00Z
DUP-00120,pubmed:24714874:K5,pubmed:24714874:K3,pmid,1.0,duplicate,not_evaluated_scope_reduction,pubmed:24714874:K5,codex_deterministic_dedup_v1,2026-07-10T00:00:00Z
DUP-00121,pubmed:24948745:K5,pubmed:24948745:K3,pmid,1.0,duplicate,not_evaluated_scope_reduction,pubmed:24948745:K5,codex_deterministic_dedup_v1,2026-07-10T00:00:00Z
DUP-00122,pubmed:25176360:K5,pubmed:25176360:K4,pmid,1.0,duplicate,not_evaluated_scope_reduction,pubmed:25176360:K5,codex_deterministic_dedup_v1,2026-07-10T00:00:00Z
DUP-00123,pubmed:25248994:K5,pubmed:25248994:K4,pmid,1.0,duplicate,not_evaluated_scope_reduction,pubmed:25248994:K5,codex_deterministic_dedup_v1,2026-07-10T00:00:00Z
DUP-00124,pubmed:25281651:K4,pubmed:25281651:K1,pmid,1.0,duplicate,not_evaluated_scope_reduction,pubmed:25281651:K4,codex_deterministic_dedup_v1,2026-07-10T00:00:00Z
DUP-00125,pubmed:25348762:K5,pubmed:25348762:K1,pmid,1.0,duplicate,not_evaluated_scope_reduction,pubmed:25348762:K5,codex_deterministic_dedup_v1,2026-07-10T00:00:00Z
DUP-00126,pubmed:25420455:K5,pubmed:25420455:K3,pmid,1.0,duplicate,not_evaluated_scope_reduction,pubmed:25420455:K5,codex_deterministic_dedup_v1,2026-07-10T00:00:00Z
DUP-00127,pubmed:25904522:K5,pubmed:25904522:K1,pmid,1.0,duplicate,not_evaluated_scope_reduction,pubmed:25904522:K5,codex_deterministic_dedup_v1,2026-07-10T00:00:00Z
DUP-00128,pubmed:25980471:K5,pubmed:25980471:K4,pmid,1.0,duplicate,not_evaluated_scope_reduction,pubmed:25980471:K5,codex_deterministic_dedup_v1,2026-07-10T00:00:00Z
DUP-00129,pubmed:26063068:K5,pubmed:26063068:K3,pmid,1.0,duplicate,not_evaluated_scope_reduction,pubmed:26063068:K5,codex_deterministic_dedup_v1,2026-07-10T00:00:00Z
DUP-00130,pubmed:26123164:K5,pubmed:26123164:K4,pmid,1.0,duplicate,not_evaluated_scope_reduction,pubmed:26123164:K5,codex_deterministic_dedup_v1,2026-07-10T00:00:00Z
DUP-00131,pubmed:26124814:K5,pubmed:26124814:K4,pmid,1.0,duplicate,not_evaluated_scope_reduction,pubmed:26124814:K5,codex_deterministic_dedup_v1,2026-07-10T00:00:00Z
DUP-00132,pubmed:26166560:K5,pubmed:26166560:K3,pmid,1.0,duplicate,not_evaluated_scope_reduction,pubmed:26166560:K5,codex_deterministic_dedup_v1,2026-07-10T00:00:00Z
DUP-00133,pubmed:26199751:K5,pubmed:26199751:K4,pmid,1.0,duplicate,not_evaluated_scope_reduction,pubmed:26199751:K5,codex_deterministic_dedup_v1,2026-07-10T00:00:00Z
DUP-00134,pubmed:26301120:K5,pubmed:26301120:K3,pmid,1.0,duplicate,not_evaluated_scope_reduction,pubmed:26301120:K5,codex_deterministic_dedup_v1,2026-07-10T00:00:00Z
DUP-00135,pubmed:26347061:K5,pubmed:26347061:K1,pmid,1.0,duplicate,not_evaluated_scope_reduction,pubmed:26347061:K5,codex_deterministic_dedup_v1,2026-07-10T00:00:00Z
DUP-00136,pubmed:26347061:K5,pubmed:26347061:K4,pmid,1.0,duplicate,not_evaluated_scope_reduction,pubmed:26347061:K5,codex_deterministic_dedup_v1,2026-07-10T00:00:00Z
DUP-00137,pubmed:26456131:K4,pubmed:26456131:K1,pmid,1.0,duplicate,not_evaluated_scope_reduction,pubmed:26456131:K4,codex_deterministic_dedup_v1,2026-07-10T00:00:00Z
DUP-00138,pubmed:26504859:K5,pubmed:26504859:K1,pmid,1.0,duplicate,not_evaluated_scope_reduction,pubmed:26504859:K5,codex_deterministic_dedup_v1,2026-07-10T00:00:00Z
DUP-00139,pubmed:26654942:K5,pubmed:26654942:K1,pmid,1.0,duplicate,not_evaluated_scope_reduction,pubmed:26654942:K5,codex_deterministic_dedup_v1,2026-07-10T00:00:00Z
DUP-00140,pubmed:26723564:K5,pubmed:26723564:K4,pmid,1.0,duplicate,not_evaluated_scope_reduction,pubmed:26723564:K5,codex_deterministic_dedup_v1,2026-07-10T00:00:00Z
DUP-00141,pubmed:26767108:K5,pubmed:26767108:K4,pmid,1.0,duplicate,not_evaluated_scope_reduction,pubmed:26767108:K5,codex_deterministic_dedup_v1,2026-07-10T00:00:00Z
DUP-00142,pubmed:26770156:K4,pubmed:26770156:K1,pmid,1.0,duplicate,not_evaluated_scope_reduction,pubmed:26770156:K4,codex_deterministic_dedup_v1,2026-07-10T00:00:00Z
DUP-00143,pubmed:26942441:K5,pubmed:26942441:K4,pmid,1.0,duplicate,not_evaluated_scope_reduction,pubmed:26942441:K5,codex_deterministic_dedup_v1,2026-07-10T00:00:00Z
DUP-00144,pubmed:26956254:K3,pubmed:26956254:K1,pmid,1.0,duplicate,not_evaluated_scope_reduction,pubmed:26956254:K3,codex_deterministic_dedup_v1,2026-07-10T00:00:00Z
DUP-00145,pubmed:26987988:K4,pubmed:26987988:K1,pmid,1.0,duplicate,not_evaluated_scope_reduction,pubmed:26987988:K4,codex_deterministic_dedup_v1,2026-07-10T00:00:00Z
DUP-00146,pubmed:27061346:K4,pubmed:27061346:K3,pmid,1.0,duplicate,not_evaluated_scope_reduction,pubmed:27061346:K4,codex_deterministic_dedup_v1,2026-07-10T00:00:00Z
DUP-00147,pubmed:27087396:K5,pubmed:27087396:K3,pmid,1.0,duplicate,not_evaluated_scope_reduction,pubmed:27087396:K5,codex_deterministic_dedup_v1,2026-07-10T00:00:00Z
DUP-00148,pubmed:27681261:K5,pubmed:27681261:K4,pmid,1.0,duplicate,not_evaluated_scope_reduction,pubmed:27681261:K5,codex_deterministic_dedup_v1,2026-07-10T00:00:00Z
DUP-00149,pubmed:27778338:K5,pubmed:27778338:K3,pmid,1.0,duplicate,not_evaluated_scope_reduction,pubmed:27778338:K5,codex_deterministic_dedup_v1,2026-07-10T00:00:00Z
DUP-00150,pubmed:27898998:K3,pubmed:27898998:K1,pmid,1.0,duplicate,not_evaluated_scope_reduction,pubmed:27898998:K3,codex_deterministic_dedup_v1,2026-07-10T00:00:00Z
DUP-00151,pubmed:27903519:K4,pubmed:27903519:K1,pmid,1.0,duplicate,not_evaluated_scope_reduction,pubmed:27903519:K4,codex_deterministic_dedup_v1,2026-07-10T00:00:00Z
DUP-00152,pubmed:27934558:K4,pubmed:27934558:K1,pmid,1.0,duplicate,not_evaluated_scope_reduction,pubmed:27934558:K4,codex_deterministic_dedup_v1,2026-07-10T00:00:00Z
DUP-00153,pubmed:28090471:K5,pubmed:28090471:K4,pmid,1.0,duplicate,not_evaluated_scope_reduction,pubmed:28090471:K5,codex_deterministic_dedup_v1,2026-07-10T00:00:00Z
DUP-00154,pubmed:28152989:K5,pubmed:28152989:K3,pmid,1.0,duplicate,not_evaluated_scope_reduction,pubmed:28152989:K5,codex_deterministic_dedup_v1,2026-07-10T00:00:00Z
DUP-00155,pubmed:28212381:K4,pubmed:28212381:K1,pmid,1.0,duplicate,not_evaluated_scope_reduction,pubmed:28212381:K4,codex_deterministic_dedup_v1,2026-07-10T00:00:00Z
DUP-00156,pubmed:28248532:K4,pubmed:28248532:K1,pmid,1.0,duplicate,not_evaluated_scope_reduction,pubmed:28248532:K4,codex_deterministic_dedup_v1,2026-07-10T00:00:00Z
DUP-00157,pubmed:28518221:K5,pubmed:28518221:K1,pmid,1.0,duplicate,not_evaluated_scope_reduction,pubmed:28518221:K5,codex_deterministic_dedup_v1,2026-07-10T00:00:00Z
DUP-00158,pubmed:28666216:K5,pubmed:28666216:K4,pmid,1.0,duplicate,not_evaluated_scope_reduction,pubmed:28666216:K5,codex_deterministic_dedup_v1,2026-07-10T00:00:00Z
DUP-00159,pubmed:28888463:K5,pubmed:28888463:K4,pmid,1.0,duplicate,not_evaluated_scope_reduction,pubmed:28888463:K5,codex_deterministic_dedup_v1,2026-07-10T00:00:00Z
DUP-00160,pubmed:29070544:K5,pubmed:29070544:K3,pmid,1.0,duplicate,not_evaluated_scope_reduction,pubmed:29070544:K5,codex_deterministic_dedup_v1,2026-07-10T00:00:00Z
DUP-00161,pubmed:29183350:K4,pubmed:29183350:K1,pmid,1.0,duplicate,not_evaluated_scope_reduction,pubmed:29183350:K4,codex_deterministic_dedup_v1,2026-07-10T00:00:00Z
DUP-00162,pubmed:2931973:K5,pubmed:2931973:K4,pmid,1.0,duplicate,not_evaluated_scope_reduction,pubmed:2931973:K5,codex_deterministic_dedup_v1,2026-07-10T00:00:00Z
DUP-00163,pubmed:29438954:K5,pubmed:29438954:K4,pmid,1.0,duplicate,not_evaluated_scope_reduction,pubmed:29438954:K5,codex_deterministic_dedup_v1,2026-07-10T00:00:00Z
DUP-00164,pubmed:29783873:K4,pubmed:29783873:K3,pmid,1.0,duplicate,not_evaluated_scope_reduction,pubmed:29783873:K4,codex_deterministic_dedup_v1,2026-07-10T00:00:00Z
DUP-00165,pubmed:30101091:K5,pubmed:30101091:K4,pmid,1.0,duplicate,not_evaluated_scope_reduction,pubmed:30101091:K5,codex_deterministic_dedup_v1,2026-07-10T00:00:00Z
DUP-00166,pubmed:30134996:K5,pubmed:30134996:K4,pmid,1.0,duplicate,not_evaluated_scope_reduction,pubmed:30134996:K5,codex_deterministic_dedup_v1,2026-07-10T00:00:00Z
DUP-00167,pubmed:30243992:K4,pubmed:30243992:K1,pmid,1.0,duplicate,not_evaluated_scope_reduction,pubmed:30243992:K4,codex_deterministic_dedup_v1,2026-07-10T00:00:00Z
DUP-00168,pubmed:3027267:K5,pubmed:3027267:K4,pmid,1.0,duplicate,not_evaluated_scope_reduction,pubmed:3027267:K5,codex_deterministic_dedup_v1,2026-07-10T00:00:00Z
DUP-00169,pubmed:30362417:K3,pubmed:30362417:K1,pmid,1.0,duplicate,not_evaluated_scope_reduction,pubmed:30362417:K3,codex_deterministic_dedup_v1,2026-07-10T00:00:00Z
DUP-00170,pubmed:30462216:K5,pubmed:30462216:K4,pmid,1.0,duplicate,not_evaluated_scope_reduction,pubmed:30462216:K5,codex_deterministic_dedup_v1,2026-07-10T00:00:00Z
DUP-00171,pubmed:30568149:K4,pubmed:30568149:K1,pmid,1.0,duplicate,not_evaluated_scope_reduction,pubmed:30568149:K4,codex_deterministic_dedup_v1,2026-07-10T00:00:00Z
DUP-00172,pubmed:30570953:K5,pubmed:30570953:K4,pmid,1.0,duplicate,not_evaluated_scope_reduction,pubmed:30570953:K5,codex_deterministic_dedup_v1,2026-07-10T00:00:00Z
DUP-00173,pubmed:30862550:K5,pubmed:30862550:K4,pmid,1.0,duplicate,not_evaluated_scope_reduction,pubmed:30862550:K5,codex_deterministic_dedup_v1,2026-07-10T00:00:00Z
DUP-00174,pubmed:30909788:K4,pubmed:30909788:K1,pmid,1.0,duplicate,not_evaluated_scope_reduction,pubmed:30909788:K4,codex_deterministic_dedup_v1,2026-07-10T00:00:00Z
DUP-00175,pubmed:31082167:K4,pubmed:31082167:K1,pmid,1.0,duplicate,not_evaluated_scope_reduction,pubmed:31082167:K4,codex_deterministic_dedup_v1,2026-07-10T00:00:00Z
DUP-00176,pubmed:31973225:K5,pubmed:31973225:K3,pmid,1.0,duplicate,not_evaluated_scope_reduction,pubmed:31973225:K5,codex_deterministic_dedup_v1,2026-07-10T00:00:00Z
DUP-00177,pubmed:31976553:K5,pubmed:31976553:K4,pmid,1.0,duplicate,not_evaluated_scope_reduction,pubmed:31976553:K5,codex_deterministic_dedup_v1,2026-07-10T00:00:00Z
DUP-00178,pubmed:3209138:K5,pubmed:3209138:K4,pmid,1.0,duplicate,not_evaluated_scope_reduction,pubmed:3209138:K5,codex_deterministic_dedup_v1,2026-07-10T00:00:00Z
DUP-00179,pubmed:32107773:K5,pubmed:32107773:K3,pmid,1.0,duplicate,not_evaluated_scope_reduction,pubmed:32107773:K5,codex_deterministic_dedup_v1,2026-07-10T00:00:00Z
DUP-00180,pubmed:32478671:K4,pubmed:32478671:K1,pmid,1.0,duplicate,not_evaluated_scope_reduction,pubmed:32478671:K4,codex_deterministic_dedup_v1,2026-07-10T00:00:00Z
DUP-00181,pubmed:32587307:K5,pubmed:32587307:K4,pmid,1.0,duplicate,not_evaluated_scope_reduction,pubmed:32587307:K5,codex_deterministic_dedup_v1,2026-07-10T00:00:00Z
DUP-00182,pubmed:32677037:K4,pubmed:32677037:K1,pmid,1.0,duplicate,not_evaluated_scope_reduction,pubmed:32677037:K4,codex_deterministic_dedup_v1,2026-07-10T00:00:00Z
DUP-00183,pubmed:32717576:K5,pubmed:32717576:K4,pmid,1.0,duplicate,not_evaluated_scope_reduction,pubmed:32717576:K5,codex_deterministic_dedup_v1,2026-07-10T00:00:00Z
DUP-00184,pubmed:32744704:K5,pubmed:32744704:K3,pmid,1.0,duplicate,not_evaluated_scope_reduction,pubmed:32744704:K5,codex_deterministic_dedup_v1,2026-07-10T00:00:00Z
DUP-00185,pubmed:32780203:K5,pubmed:32780203:K4,pmid,1.0,duplicate,not_evaluated_scope_reduction,pubmed:32780203:K5,codex_deterministic_dedup_v1,2026-07-10T00:00:00Z
DUP-00186,pubmed:3296888:K5,pubmed:3296888:K3,pmid,1.0,duplicate,not_evaluated_scope_reduction,pubmed:3296888:K5,codex_deterministic_dedup_v1,2026-07-10T00:00:00Z
DUP-00187,pubmed:33126039:K5,pubmed:33126039:K4,pmid,1.0,duplicate,not_evaluated_scope_reduction,pubmed:33126039:K5,codex_deterministic_dedup_v1,2026-07-10T00:00:00Z
DUP-00188,pubmed:3313767:K5,pubmed:3313767:K4,pmid,1.0,duplicate,not_evaluated_scope_reduction,pubmed:3313767:K5,codex_deterministic_dedup_v1,2026-07-10T00:00:00Z
DUP-00189,pubmed:33341105:K4,pubmed:33341105:K1,pmid,1.0,duplicate,not_evaluated_scope_reduction,pubmed:33341105:K4,codex_deterministic_dedup_v1,2026-07-10T00:00:00Z
DUP-00190,pubmed:3341246:K5,pubmed:3341246:K4,pmid,1.0,duplicate,not_evaluated_scope_reduction,pubmed:3341246:K5,codex_deterministic_dedup_v1,2026-07-10T00:00:00Z
DUP-00191,pubmed:33540920:K5,pubmed:33540920:K4,pmid,1.0,duplicate,not_evaluated_scope_reduction,pubmed:33540920:K5,codex_deterministic_dedup_v1,2026-07-10T00:00:00Z
DUP-00192,pubmed:33722846:K5,pubmed:33722846:K4,pmid,1.0,duplicate,not_evaluated_scope_reduction,pubmed:33722846:K5,codex_deterministic_dedup_v1,2026-07-10T00:00:00Z
DUP-00193,pubmed:33875086:K5,pubmed:33875086:K4,pmid,1.0,duplicate,not_evaluated_scope_reduction,pubmed:33875086:K5,codex_deterministic_dedup_v1,2026-07-10T00:00:00Z
DUP-00194,pubmed:33901261:K5,pubmed:33901261:K4,pmid,1.0,duplicate,not_evaluated_scope_reduction,pubmed:33901261:K5,codex_deterministic_dedup_v1,2026-07-10T00:00:00Z
DUP-00195,pubmed:34491844:K5,pubmed:34491844:K4,pmid,1.0,duplicate,not_evaluated_scope_reduction,pubmed:34491844:K5,codex_deterministic_dedup_v1,2026-07-10T00:00:00Z
DUP-00196,pubmed:34564844:K5,pubmed:34564844:K3,pmid,1.0,duplicate,not_evaluated_scope_reduction,pubmed:34564844:K5,codex_deterministic_dedup_v1,2026-07-10T00:00:00Z
DUP-00197,pubmed:35015856:K5,pubmed:35015856:K3,pmid,1.0,duplicate,not_evaluated_scope_reduction,pubmed:35015856:K5,codex_deterministic_dedup_v1,2026-07-10T00:00:00Z
DUP-00198,pubmed:35162914:K5,pubmed:35162914:K4,pmid,1.0,duplicate,not_evaluated_scope_reduction,pubmed:35162914:K5,codex_deterministic_dedup_v1,2026-07-10T00:00:00Z
DUP-00199,pubmed:35365361:K5,pubmed:35365361:K1,pmid,1.0,duplicate,not_evaluated_scope_reduction,pubmed:35365361:K5,codex_deterministic_dedup_v1,2026-07-10T00:00:00Z
DUP-00200,pubmed:35684094:K4,pubmed:35684094:K1,pmid,1.0,duplicate,not_evaluated_scope_reduction,pubmed:35684094:K4,codex_deterministic_dedup_v1,2026-07-10T00:00:00Z
DUP-00201,pubmed:35743994:K5,pubmed:35743994:K3,pmid,1.0,duplicate,not_evaluated_scope_reduction,pubmed:35743994:K5,codex_deterministic_dedup_v1,2026-07-10T00:00:00Z
DUP-00202,pubmed:35767665:K4,pubmed:35767665:K1,pmid,1.0,duplicate,not_evaluated_scope_reduction,pubmed:35767665:K4,codex_deterministic_dedup_v1,2026-07-10T00:00:00Z
DUP-00203,pubmed:35803612:K4,pubmed:35803612:K1,pmid,1.0,duplicate,not_evaluated_scope_reduction,pubmed:35803612:K4,codex_deterministic_dedup_v1,2026-07-10T00:00:00Z
DUP-00204,pubmed:35839363:K4,pubmed:35839363:K3,pmid,1.0,duplicate,not_evaluated_scope_reduction,pubmed:35839363:K4,codex_deterministic_dedup_v1,2026-07-10T00:00:00Z
DUP-00205,pubmed:35916491:K5,pubmed:35916491:K3,pmid,1.0,duplicate,not_evaluated_scope_reduction,pubmed:35916491:K5,codex_deterministic_dedup_v1,2026-07-10T00:00:00Z
DUP-00206,pubmed:35916491:K5,pubmed:35916491:K4,pmid,1.0,duplicate,not_evaluated_scope_reduction,pubmed:35916491:K5,codex_deterministic_dedup_v1,2026-07-10T00:00:00Z
DUP-00207,pubmed:35985070:K5,pubmed:35985070:K4,pmid,1.0,duplicate,not_evaluated_scope_reduction,pubmed:35985070:K5,codex_deterministic_dedup_v1,2026-07-10T00:00:00Z
DUP-00208,pubmed:36179462:K3,pubmed:36179462:K1,pmid,1.0,duplicate,not_evaluated_scope_reduction,pubmed:36179462:K3,codex_deterministic_dedup_v1,2026-07-10T00:00:00Z
DUP-00209,pubmed:36281172:K5,pubmed:36281172:K3,pmid,1.0,duplicate,not_evaluated_scope_reduction,pubmed:36281172:K5,codex_deterministic_dedup_v1,2026-07-10T00:00:00Z
DUP-00210,pubmed:36464363:K5,pubmed:36464363:K4,pmid,1.0,duplicate,not_evaluated_scope_reduction,pubmed:36464363:K5,codex_deterministic_dedup_v1,2026-07-10T00:00:00Z
DUP-00211,pubmed:3655165:K5,pubmed:3655165:K4,pmid,1.0,duplicate,not_evaluated_scope_reduction,pubmed:3655165:K5,codex_deterministic_dedup_v1,2026-07-10T00:00:00Z
DUP-00212,pubmed:36684499:K5,pubmed:36684499:K4,pmid,1.0,duplicate,not_evaluated_scope_reduction,pubmed:36684499:K5,codex_deterministic_dedup_v1,2026-07-10T00:00:00Z
DUP-00213,pubmed:36831233:K4,pubmed:36831233:K3,pmid,1.0,duplicate,not_evaluated_scope_reduction,pubmed:36831233:K4,codex_deterministic_dedup_v1,2026-07-10T00:00:00Z
DUP-00214,pubmed:36836486:K5,pubmed:36836486:K4,pmid,1.0,duplicate,not_evaluated_scope_reduction,pubmed:36836486:K5,codex_deterministic_dedup_v1,2026-07-10T00:00:00Z
DUP-00215,pubmed:36994923:K5,pubmed:36994923:K3,pmid,1.0,duplicate,not_evaluated_scope_reduction,pubmed:36994923:K5,codex_deterministic_dedup_v1,2026-07-10T00:00:00Z
DUP-00216,pubmed:37026367:K5,pubmed:37026367:K3,pmid,1.0,duplicate,not_evaluated_scope_reduction,pubmed:37026367:K5,codex_deterministic_dedup_v1,2026-07-10T00:00:00Z
DUP-00217,pubmed:37306546:K5,pubmed:37306546:K3,pmid,1.0,duplicate,not_evaluated_scope_reduction,pubmed:37306546:K5,codex_deterministic_dedup_v1,2026-07-10T00:00:00Z
DUP-00218,pubmed:37373518:K5,pubmed:37373518:K4,pmid,1.0,duplicate,not_evaluated_scope_reduction,pubmed:37373518:K5,codex_deterministic_dedup_v1,2026-07-10T00:00:00Z
DUP-00219,pubmed:37578747:K4,pubmed:37578747:K1,pmid,1.0,duplicate,not_evaluated_scope_reduction,pubmed:37578747:K4,codex_deterministic_dedup_v1,2026-07-10T00:00:00Z
DUP-00220,pubmed:37736936:K4,pubmed:37736936:K1,pmid,1.0,duplicate,not_evaluated_scope_reduction,pubmed:37736936:K4,codex_deterministic_dedup_v1,2026-07-10T00:00:00Z
DUP-00221,pubmed:37750930:K4,pubmed:37750930:K1,pmid,1.0,duplicate,not_evaluated_scope_reduction,pubmed:37750930:K4,codex_deterministic_dedup_v1,2026-07-10T00:00:00Z
DUP-00222,pubmed:37805367:K5,pubmed:37805367:K2,pmid,1.0,duplicate,not_evaluated_scope_reduction,pubmed:37805367:K5,codex_deterministic_dedup_v1,2026-07-10T00:00:00Z
DUP-00223,pubmed:3800317:K4,pubmed:3800317:K3,pmid,1.0,duplicate,not_evaluated_scope_reduction,pubmed:3800317:K4,codex_deterministic_dedup_v1,2026-07-10T00:00:00Z
DUP-00224,pubmed:38006248:K5,pubmed:38006248:K3,pmid,1.0,duplicate,not_evaluated_scope_reduction,pubmed:38006248:K5,codex_deterministic_dedup_v1,2026-07-10T00:00:00Z
DUP-00225,pubmed:38125730:K5,pubmed:38125730:K4,pmid,1.0,duplicate,not_evaluated_scope_reduction,pubmed:38125730:K5,codex_deterministic_dedup_v1,2026-07-10T00:00:00Z
DUP-00226,pubmed:38352791:K5,pubmed:38352791:K4,pmid,1.0,duplicate,not_evaluated_scope_reduction,pubmed:38352791:K5,codex_deterministic_dedup_v1,2026-07-10T00:00:00Z
DUP-00227,pubmed:38411019:K5,pubmed:38411019:K4,pmid,1.0,duplicate,not_evaluated_scope_reduction,pubmed:38411019:K5,codex_deterministic_dedup_v1,2026-07-10T00:00:00Z
DUP-00228,pubmed:38421704:K5,pubmed:38421704:K1,pmid,1.0,duplicate,not_evaluated_scope_reduction,pubmed:38421704:K5,codex_deterministic_dedup_v1,2026-07-10T00:00:00Z
DUP-00229,pubmed:38460072:K4,pubmed:38460072:K1,pmid,1.0,duplicate,not_evaluated_scope_reduction,pubmed:38460072:K4,codex_deterministic_dedup_v1,2026-07-10T00:00:00Z
DUP-00230,pubmed:38580687:K5,pubmed:38580687:K4,pmid,1.0,duplicate,not_evaluated_scope_reduction,pubmed:38580687:K5,codex_deterministic_dedup_v1,2026-07-10T00:00:00Z
DUP-00231,pubmed:38641042:K5,pubmed:38641042:K4,pmid,1.0,duplicate,not_evaluated_scope_reduction,pubmed:38641042:K5,codex_deterministic_dedup_v1,2026-07-10T00:00:00Z
DUP-00232,pubmed:38674257:K5,pubmed:38674257:K4,pmid,1.0,duplicate,not_evaluated_scope_reduction,pubmed:38674257:K5,codex_deterministic_dedup_v1,2026-07-10T00:00:00Z
DUP-00233,pubmed:38721332:K5,pubmed:38721332:K4,pmid,1.0,duplicate,not_evaluated_scope_reduction,pubmed:38721332:K5,codex_deterministic_dedup_v1,2026-07-10T00:00:00Z
DUP-00234,pubmed:38752746:K5,pubmed:38752746:K4,pmid,1.0,duplicate,not_evaluated_scope_reduction,pubmed:38752746:K5,codex_deterministic_dedup_v1,2026-07-10T00:00:00Z
DUP-00235,pubmed:38759447:K4,pubmed:38759447:K1,pmid,1.0,duplicate,not_evaluated_scope_reduction,pubmed:38759447:K4,codex_deterministic_dedup_v1,2026-07-10T00:00:00Z
DUP-00236,pubmed:38791434:K5,pubmed:38791434:K4,pmid,1.0,duplicate,not_evaluated_scope_reduction,pubmed:38791434:K5,codex_deterministic_dedup_v1,2026-07-10T00:00:00Z
DUP-00237,pubmed:3906615:K5,pubmed:3906615:K3,pmid,1.0,duplicate,not_evaluated_scope_reduction,pubmed:3906615:K5,codex_deterministic_dedup_v1,2026-07-10T00:00:00Z
DUP-00238,pubmed:39067724:K5,pubmed:39067724:K4,pmid,1.0,duplicate,not_evaluated_scope_reduction,pubmed:39067724:K5,codex_deterministic_dedup_v1,2026-07-10T00:00:00Z
DUP-00239,pubmed:39070950:K5,pubmed:39070950:K1,pmid,1.0,duplicate,not_evaluated_scope_reduction,pubmed:39070950:K5,codex_deterministic_dedup_v1,2026-07-10T00:00:00Z
DUP-00240,pubmed:39170573:K5,pubmed:39170573:K4,pmid,1.0,duplicate,not_evaluated_scope_reduction,pubmed:39170573:K5,codex_deterministic_dedup_v1,2026-07-10T00:00:00Z
DUP-00241,pubmed:39200539:K5,pubmed:39200539:K4,pmid,1.0,duplicate,not_evaluated_scope_reduction,pubmed:39200539:K5,codex_deterministic_dedup_v1,2026-07-10T00:00:00Z
DUP-00242,pubmed:39295954:K5,pubmed:39295954:K4,pmid,1.0,duplicate,not_evaluated_scope_reduction,pubmed:39295954:K5,codex_deterministic_dedup_v1,2026-07-10T00:00:00Z
DUP-00243,pubmed:39339645:K5,pubmed:39339645:K2,pmid,1.0,duplicate,not_evaluated_scope_reduction,pubmed:39339645:K5,codex_deterministic_dedup_v1,2026-07-10T00:00:00Z
DUP-00244,pubmed:39476614:K5,pubmed:39476614:K4,pmid,1.0,duplicate,not_evaluated_scope_reduction,pubmed:39476614:K5,codex_deterministic_dedup_v1,2026-07-10T00:00:00Z
DUP-00245,pubmed:39493807:K5,pubmed:39493807:K4,pmid,1.0,duplicate,not_evaluated_scope_reduction,pubmed:39493807:K5,codex_deterministic_dedup_v1,2026-07-10T00:00:00Z
DUP-00246,pubmed:39519523:K4,pubmed:39519523:K3,pmid,1.0,duplicate,not_evaluated_scope_reduction,pubmed:39519523:K4,codex_deterministic_dedup_v1,2026-07-10T00:00:00Z
DUP-00247,pubmed:39522345:K5,pubmed:39522345:K1,pmid,1.0,duplicate,not_evaluated_scope_reduction,pubmed:39522345:K5,codex_deterministic_dedup_v1,2026-07-10T00:00:00Z
DUP-00248,pubmed:39642137:K5,pubmed:39642137:K4,pmid,1.0,duplicate,not_evaluated_scope_reduction,pubmed:39642137:K5,codex_deterministic_dedup_v1,2026-07-10T00:00:00Z
DUP-00249,pubmed:39690372:K5,pubmed:39690372:K4,pmid,1.0,duplicate,not_evaluated_scope_reduction,pubmed:39690372:K5,codex_deterministic_dedup_v1,2026-07-10T00:00:00Z
DUP-00250,pubmed:39747809:K2,pubmed:39747809:K1,pmid,1.0,duplicate,not_evaluated_scope_reduction,pubmed:39747809:K2,codex_deterministic_dedup_v1,2026-07-10T00:00:00Z
DUP-00251,pubmed:39846976:K4,pubmed:39846976:K1,pmid,1.0,duplicate,not_evaluated_scope_reduction,pubmed:39846976:K4,codex_deterministic_dedup_v1,2026-07-10T00:00:00Z
DUP-00252,pubmed:39940312:K5,pubmed:39940312:K4,pmid,1.0,duplicate,not_evaluated_scope_reduction,pubmed:39940312:K5,codex_deterministic_dedup_v1,2026-07-10T00:00:00Z
DUP-00253,pubmed:40021307:K5,pubmed:40021307:K3,pmid,1.0,duplicate,not_evaluated_scope_reduction,pubmed:40021307:K5,codex_deterministic_dedup_v1,2026-07-10T00:00:00Z
DUP-00254,pubmed:40083990:K5,pubmed:40083990:K1,pmid,1.0,duplicate,not_evaluated_scope_reduction,pubmed:40083990:K5,codex_deterministic_dedup_v1,2026-07-10T00:00:00Z
DUP-00255,pubmed:4015677:K5,pubmed:4015677:K4,pmid,1.0,duplicate,not_evaluated_scope_reduction,pubmed:4015677:K5,codex_deterministic_dedup_v1,2026-07-10T00:00:00Z
DUP-00256,pubmed:40218907:K4,pubmed:40218907:K1,pmid,1.0,duplicate,not_evaluated_scope_reduction,pubmed:40218907:K4,codex_deterministic_dedup_v1,2026-07-10T00:00:00Z
DUP-00257,pubmed:40773863:K5,pubmed:40773863:K4,pmid,1.0,duplicate,not_evaluated_scope_reduction,pubmed:40773863:K5,codex_deterministic_dedup_v1,2026-07-10T00:00:00Z
DUP-00258,pubmed:40842757:K4,pubmed:40842757:K1,pmid,1.0,duplicate,not_evaluated_scope_reduction,pubmed:40842757:K4,codex_deterministic_dedup_v1,2026-07-10T00:00:00Z
DUP-00259,pubmed:40944226:K5,pubmed:40944226:K1,pmid,1.0,duplicate,not_evaluated_scope_reduction,pubmed:40944226:K5,codex_deterministic_dedup_v1,2026-07-10T00:00:00Z
DUP-00260,pubmed:40944226:K5,pubmed:40944226:K4,pmid,1.0,duplicate,not_evaluated_scope_reduction,pubmed:40944226:K5,codex_deterministic_dedup_v1,2026-07-10T00:00:00Z
DUP-00261,pubmed:41150142:K5,pubmed:41150142:K4,pmid,1.0,duplicate,not_evaluated_scope_reduction,pubmed:41150142:K5,codex_deterministic_dedup_v1,2026-07-10T00:00:00Z
DUP-00262,pubmed:41301881:K5,pubmed:41301881:K4,pmid,1.0,duplicate,not_evaluated_scope_reduction,pubmed:41301881:K5,codex_deterministic_dedup_v1,2026-07-10T00:00:00Z
DUP-00263,pubmed:41374087:K5,pubmed:41374087:K2,pmid,1.0,duplicate,not_evaluated_scope_reduction,pubmed:41374087:K5,codex_deterministic_dedup_v1,2026-07-10T00:00:00Z
DUP-00264,pubmed:41714459:K5,pubmed:41714459:K4,pmid,1.0,duplicate,not_evaluated_scope_reduction,pubmed:41714459:K5,codex_deterministic_dedup_v1,2026-07-10T00:00:00Z
DUP-00265,pubmed:41909156:K4,pubmed:41909156:K1,pmid,1.0,duplicate,not_evaluated_scope_reduction,pubmed:41909156:K4,codex_deterministic_dedup_v1,2026-07-10T00:00:00Z
DUP-00266,pubmed:41978127:K4,pubmed:41978127:K1,pmid,1.0,duplicate,not_evaluated_scope_reduction,pubmed:41978127:K4,codex_deterministic_dedup_v1,2026-07-10T00:00:00Z
DUP-00267,pubmed:42132028:K5,pubmed:42132028:K3,pmid,1.0,duplicate,not_evaluated_scope_reduction,pubmed:42132028:K5,codex_deterministic_dedup_v1,2026-07-10T00:00:00Z
DUP-00268,pubmed:42133681:K5,pubmed:42133681:K4,pmid,1.0,duplicate,not_evaluated_scope_reduction,pubmed:42133681:K5,codex_deterministic_dedup_v1,2026-07-10T00:00:00Z
DUP-00269,pubmed:42253685:K2,pubmed:42253685:K1,pmid,1.0,duplicate,not_evaluated_scope_reduction,pubmed:42253685:K2,codex_deterministic_dedup_v1,2026-07-10T00:00:00Z
DUP-00270,pubmed:440630:K5,pubmed:440630:K4,pmid,1.0,duplicate,not_evaluated_scope_reduction,pubmed:440630:K5,codex_deterministic_dedup_v1,2026-07-10T00:00:00Z
DUP-00271,pubmed:440631:K5,pubmed:440631:K4,pmid,1.0,duplicate,not_evaluated_scope_reduction,pubmed:440631:K5,codex_deterministic_dedup_v1,2026-07-10T00:00:00Z
DUP-00272,pubmed:542713:K4,pubmed:542713:K1,pmid,1.0,duplicate,not_evaluated_scope_reduction,pubmed:542713:K4,codex_deterministic_dedup_v1,2026-07-10T00:00:00Z
DUP-00273,pubmed:6087425:K5,pubmed:6087425:K2,pmid,1.0,duplicate,not_evaluated_scope_reduction,pubmed:6087425:K5,codex_deterministic_dedup_v1,2026-07-10T00:00:00Z
DUP-00274,pubmed:6321415:K4,pubmed:6321415:K1,pmid,1.0,duplicate,not_evaluated_scope_reduction,pubmed:6321415:K4,codex_deterministic_dedup_v1,2026-07-10T00:00:00Z
DUP-00275,pubmed:6783229:K4,pubmed:6783229:K1,pmid,1.0,duplicate,not_evaluated_scope_reduction,pubmed:6783229:K4,codex_deterministic_dedup_v1,2026-07-10T00:00:00Z
DUP-00276,pubmed:6818512:K5,pubmed:6818512:K4,pmid,1.0,duplicate,not_evaluated_scope_reduction,pubmed:6818512:K5,codex_deterministic_dedup_v1,2026-07-10T00:00:00Z
DUP-00277,pubmed:6979534:K4,pubmed:6979534:K1,pmid,1.0,duplicate,not_evaluated_scope_reduction,pubmed:6979534:K4,codex_deterministic_dedup_v1,2026-07-10T00:00:00Z
DUP-00278,pubmed:7036737:K4,pubmed:7036737:K1,pmid,1.0,duplicate,not_evaluated_scope_reduction,pubmed:7036737:K4,codex_deterministic_dedup_v1,2026-07-10T00:00:00Z
DUP-00279,pubmed:7142050:K5,pubmed:7142050:K3,pmid,1.0,duplicate,not_evaluated_scope_reduction,pubmed:7142050:K5,codex_deterministic_dedup_v1,2026-07-10T00:00:00Z
DUP-00280,pubmed:7144626:K5,pubmed:7144626:K1,pmid,1.0,duplicate,not_evaluated_scope_reduction,pubmed:7144626:K5,codex_deterministic_dedup_v1,2026-07-10T00:00:00Z
DUP-00281,pubmed:7144626:K5,pubmed:7144626:K4,pmid,1.0,duplicate,not_evaluated_scope_reduction,pubmed:7144626:K5,codex_deterministic_dedup_v1,2026-07-10T00:00:00Z
DUP-00282,pubmed:7577638:K5,pubmed:7577638:K3,pmid,1.0,duplicate,not_evaluated_scope_reduction,pubmed:7577638:K5,codex_deterministic_dedup_v1,2026-07-10T00:00:00Z
DUP-00283,pubmed:7741239:K5,pubmed:7741239:K3,pmid,1.0,duplicate,not_evaluated_scope_reduction,pubmed:7741239:K5,codex_deterministic_dedup_v1,2026-07-10T00:00:00Z
DUP-00284,pubmed:7786687:K4,pubmed:7786687:K3,pmid,1.0,duplicate,not_evaluated_scope_reduction,pubmed:7786687:K4,codex_deterministic_dedup_v1,2026-07-10T00:00:00Z
DUP-00285,pubmed:7786695:K4,pubmed:7786695:K1,pmid,1.0,duplicate,not_evaluated_scope_reduction,pubmed:7786695:K4,codex_deterministic_dedup_v1,2026-07-10T00:00:00Z
DUP-00286,pubmed:7843137:K5,pubmed:7843137:K4,pmid,1.0,duplicate,not_evaluated_scope_reduction,pubmed:7843137:K5,codex_deterministic_dedup_v1,2026-07-10T00:00:00Z
DUP-00287,pubmed:7981005:K5,pubmed:7981005:K4,pmid,1.0,duplicate,not_evaluated_scope_reduction,pubmed:7981005:K5,codex_deterministic_dedup_v1,2026-07-10T00:00:00Z
DUP-00288,pubmed:8101595:K5,pubmed:8101595:K4,pmid,1.0,duplicate,not_evaluated_scope_reduction,pubmed:8101595:K5,codex_deterministic_dedup_v1,2026-07-10T00:00:00Z
DUP-00289,pubmed:8157084:K5,pubmed:8157084:K4,pmid,1.0,duplicate,not_evaluated_scope_reduction,pubmed:8157084:K5,codex_deterministic_dedup_v1,2026-07-10T00:00:00Z
DUP-00290,pubmed:8262586:K5,pubmed:8262586:K3,pmid,1.0,duplicate,not_evaluated_scope_reduction,pubmed:8262586:K5,codex_deterministic_dedup_v1,2026-07-10T00:00:00Z
DUP-00291,pubmed:8414269:K5,pubmed:8414269:K3,pmid,1.0,duplicate,not_evaluated_scope_reduction,pubmed:8414269:K5,codex_deterministic_dedup_v1,2026-07-10T00:00:00Z
DUP-00292,pubmed:8668974:K3,pubmed:8668974:K1,pmid,1.0,duplicate,not_evaluated_scope_reduction,pubmed:8668974:K3,codex_deterministic_dedup_v1,2026-07-10T00:00:00Z
DUP-00293,pubmed:8773732:K4,pubmed:8773732:K3,pmid,1.0,duplicate,not_evaluated_scope_reduction,pubmed:8773732:K4,codex_deterministic_dedup_v1,2026-07-10T00:00:00Z
DUP-00294,pubmed:8901154:K4,pubmed:8901154:K3,pmid,1.0,duplicate,not_evaluated_scope_reduction,pubmed:8901154:K4,codex_deterministic_dedup_v1,2026-07-10T00:00:00Z
DUP-00295,pubmed:8959943:K5,pubmed:8959943:K3,pmid,1.0,duplicate,not_evaluated_scope_reduction,pubmed:8959943:K5,codex_deterministic_dedup_v1,2026-07-10T00:00:00Z
DUP-00296,pubmed:8988907:K5,pubmed:8988907:K3,pmid,1.0,duplicate,not_evaluated_scope_reduction,pubmed:8988907:K5,codex_deterministic_dedup_v1,2026-07-10T00:00:00Z
DUP-00297,pubmed:902406:K5,pubmed:902406:K4,pmid,1.0,duplicate,not_evaluated_scope_reduction,pubmed:902406:K5,codex_deterministic_dedup_v1,2026-07-10T00:00:00Z
DUP-00298,pubmed:9192195:K4,pubmed:9192195:K3,pmid,1.0,duplicate,not_evaluated_scope_reduction,pubmed:9192195:K4,codex_deterministic_dedup_v1,2026-07-10T00:00:00Z
DUP-00299,pubmed:9478028:K5,pubmed:9478028:K3,pmid,1.0,duplicate,not_evaluated_scope_reduction,pubmed:9478028:K5,codex_deterministic_dedup_v1,2026-07-10T00:00:00Z
DUP-00300,pubmed:9486779:K4,pubmed:9486779:K3,pmid,1.0,duplicate,not_evaluated_scope_reduction,pubmed:9486779:K4,codex_deterministic_dedup_v1,2026-07-10T00:00:00Z
DUP-00301,pubmed:9508353:K5,pubmed:9508353:K3,pmid,1.0,duplicate,not_evaluated_scope_reduction,pubmed:9508353:K5,codex_deterministic_dedup_v1,2026-07-10T00:00:00Z
DUP-00302,pubmed:9626411:K4,pubmed:9626411:K1,pmid,1.0,duplicate,not_evaluated_scope_reduction,pubmed:9626411:K4,codex_deterministic_dedup_v1,2026-07-10T00:00:00Z
DUP-00303,pubmed:9638606:K4,pubmed:9638606:K1,pmid,1.0,duplicate,not_evaluated_scope_reduction,pubmed:9638606:K4,codex_deterministic_dedup_v1,2026-07-10T00:00:00Z
DUP-00304,pubmed:9701167:K5,pubmed:9701167:K3,pmid,1.0,duplicate,not_evaluated_scope_reduction,pubmed:9701167:K5,codex_deterministic_dedup_v1,2026-07-10T00:00:00Z
